22rv1_prostatic_cancer	1
4cell_3pn_preimplant	2
6tfs_corneal_epithelial	3
8cell_3pn_preimplant	4
8cell_preimplant	5
A_Cardiomyocyte	6
Acinar	7
Adipocyte	8
Airway_Goblet	9
Alpha_1	10
Alpha_2	11
Alveolar_Cap_Endo	12
Alveolar_Type_1	13
Alveolar_Type_2	14
Alveolar_Type_2_Immune	15
BIN_67_ovarian	16
Bcell_1022	17
Bcell_4983	18
Bcell_5483	19
Beta_1	20
Beta_2	21
C15_cell_line	22
CD34_Bone_Marrow_7291	23
CD34_Bone_Marrow_7292	24
CD34_Cord_Blood_1020	25
CD4Tcell_1022	26
CD4Tcell_2596	27
CD4Tcell_4983	28
CD4Tcell_5483	29
CD8Tcell_1022	30
CD8Tcell_2596	31
CD8Tcell_4983	32
CD8Tcell_5483	33
CLP_2596	34
CLP_5483	35
CLP_6926	36
CMP_2596	37
CMP_4983	38
CMP_6792	39
CMP_7256	40
CRL7250_fibroblast	41
Cardiac_Fibroblast	42
Cardiac_Pericyte_1	43
Cardiac_Pericyte_2	44
Cardiac_Pericyte_3	45
Cardiac_Pericyte_4	46
Chief	47
Cilliated	48
Club	49
Colon_Epithelial_1	50
Colon_Epithelial_2	51
Colon_Epithelial_3	52
Colon_Goblet	53
Cortical_Epithelial	54
DeltaposGamma	55
Ductal	56
Endocardial	57
Endothelial_Exocrine	58
Endothelial_General_1	59
Endothelial_General_2	60
Endothelial_General_3	61
Endothelial_Myocardial	62
Enteric_Neuron	63
Enterochromaffin	64
Enterocyte	65
Ery_2596	66
Ery_5483	67
Ery_6926	68
Esophageal_Epithelial	69
FT190_ovarian	70
Fasciculata	71
Fetal_A_Cardiomyocyte	72
Fetal_Acinar_1	73
Fetal_Acinar_2	74
Fetal_Adrenal_Cortical	75
Fetal_Adrenal_Neuron	76
Fetal_Alveolar_Cap_Endo	77
Fetal_Alveolar_Epithelial_1	78
Fetal_Astrocyte_1	79
Fetal_Astrocyte_2	80
Fetal_Astrocyte_3	81
Fetal_Astrocyte_4	82
Fetal_Astrocyte_5	83
Fetal_B_Lymphocyte_1_SPIBpos	84
Fetal_B_Lymphocyte_2_CXCR5pos	85
Fetal_B_Lymphocyte_3_NPYpos	86
Fetal_Cardiac_Fibroblast	87
Fetal_Cholangiocyte	88
Fetal_Chromaffin	89
Fetal_Cilliated	90
Fetal_Endocardial	91
Fetal_Endothelial_General_1	92
Fetal_Endothelial_General_2	93
Fetal_Endothelial_General_3	94
Fetal_Endothelial_Hepatic_1	95
Fetal_Endothelial_Hepatic_2	96
Fetal_Endothelial_Placental	97
Fetal_Enteric_Glia	98
Fetal_Enteric_Neuron	99
Fetal_Enterocyte_1	100
Fetal_Enterocyte_2	101
Fetal_Enterocyte_3	102
Fetal_Enteroendocrine	103
Fetal_Erythroblast_1	104
Fetal_Erythroblast_2	105
Fetal_Erythroblast_3	106
Fetal_Erythroblast_4	107
Fetal_Erythroblast_5	108
Fetal_Excitatory_Neuron_1	109
Fetal_Excitatory_Neuron_10	110
Fetal_Excitatory_Neuron_11	111
Fetal_Excitatory_Neuron_12	112
Fetal_Excitatory_Neuron_2	113
Fetal_Excitatory_Neuron_3	114
Fetal_Excitatory_Neuron_4	115
Fetal_Excitatory_Neuron_5	116
Fetal_Excitatory_Neuron_6	117
Fetal_Excitatory_Neuron_7	118
Fetal_Excitatory_Neuron_8	119
Fetal_Excitatory_Neuron_9	120
Fetal_Extravillous_Trophoblast	121
Fetal_Fibro_GI	122
Fetal_Fibro_General_2	123
Fetal_Fibro_General_3	124
Fetal_Fibro_General_4	125
Fetal_Fibro_General_5	126
Fetal_Fibro_Muscle_1	127
Fetal_Fibro_Placental_1	128
Fetal_Fibro_Placental_2	129
Fetal_Fibro_Splenic	130
Fetal_Gastri_Goblet	131
Fetal_Goblet	132
Fetal_Hematopoeitic_Stem	133
Fetal_Hepatoblast	134
Fetal_Inhibitory_Neuron_1	135
Fetal_Inhibitory_Neuron_2	136
Fetal_Inhibitory_Neuron_3	137
Fetal_Inhibitory_Neuron_4	138
Fetal_Inhibitory_Neuron_5	139
Fetal_Islet	140
Fetal_Lymphatic	141
Fetal_Macrophage_General_1	142
Fetal_Macrophage_General_2	143
Fetal_Macrophage_General_3	144
Fetal_Macrophage_General_4	145
Fetal_Macrophage_Hepatic_1	146
Fetal_Macrophage_Hepatic_2	147
Fetal_Megakaryocyte	148
Fetal_Mesangial_2	149
Fetal_Mesothelial	150
Fetal_Metanephric	151
Fetal_Oligo_Progenitor_2	152
Fetal_ParietalposChief	153
Fetal_Photoreceptor	154
Fetal_Placental_Neuron	155
Fetal_Pulmonary_Neuroendocrine	156
Fetal_Retinal_Neuron	157
Fetal_Retinal_Pigment	158
Fetal_Retinal_Progenitor_1	159
Fetal_Retinal_Progenitor_2	160
Fetal_Satellite_2	161
Fetal_Schwann_General	162
Fetal_Skeletal_Myocyte_1	163
Fetal_Skeletal_Myocyte_2	164
Fetal_Skeletal_Myocyte_3	165
Fetal_Stellate	166
Fetal_Sympathoblast	167
Fetal_SyncitioposCytotrophoblast	168
Fetal_T_Lymphocyte_2_Cytotoxic	169
Fetal_T_Lymphocyte_3_IL2pos	170
Fetal_T_Lymphocyte_4_FASLGpos	171
Fetal_Thymocyte	172
Fetal_Ureteric_Bud	173
Fetal_V_Cardiomyocyte	174
Fibro_Epithelial	175
Fibro_GI	176
Fibro_General	177
Fibro_Liver_Adrenal	178
Fibro_Muscle	179
Fibro_Nerve	180
Follicular	181
Foveolar	182
GMP_2596	183
GMP_4983	184
GMP_6792	185
GMP_7256	186
Gastric_Neuroendocrine	187
Glomerulosa	188
H1703	189
HAP1	190
HG_A375	191
HG_A549	192
HG_AC16_U_U	193
HG_ALL_SJHBBBM5GW9_U	194
HG_AML_IPSC_U_U	195
HG_ATAC_IN_27_U_U	196
HG_ATL10_U_NO_TX	197
HG_BJ_U_DEEP_SENESCENCE	198
HG_B_cell_M_22_years	199
HG_CASKI_U_U	200
HG_CD4_positive_AB_T_cell_M_20_years	201
HG_CD4_positive_CD25_positive_AB_regulatory_T_cell_M_38_years	202
HG_CD4_positive_CD25_positive_AB_regulatory_T_cell_M_42_years	203
HG_CD8_positive_AB_T_cell_M_21_years	204
HG_CORD_HSC_CD34POS_D1_5HR_STIM	205
HG_CTL5_U_NO_TX	206
HG_DENDRITIC_CELL_1001_U	207
HG_DND_41	208
HG_EMBROYO_2CELL_3PN_U_U	209
HG_EPIDERMAL_KERATINOCYTE_CTLI_U	210
HG_ERYTHROBLAST_CD49DPOS_BAND3POS_DONORP5_U	211
HG_GM12878	212
HG_GM18498	213
HG_GM18499	214
HG_GM18502	215
HG_GM18505	216
HG_GM18508	217
HG_GM18511	218
HG_GM18517	219
HG_GM18519	220
HG_GM18520	221
HG_GM18858	222
HG_GM18861	223
HG_GM18867	224
HG_GM18868	225
HG_GM18870	226
HG_GM18873	227
HG_GM18907	228
HG_GM18909	229
HG_GM19023	230
HG_GM19025	231
HG_GM19035	232
HG_GM19043	233
HG_GM19324	234
HG_GM19328	235
HG_GM19351	236
HG_GM19372	237
HG_GM19395	238
HG_GM19397	239
HG_GM19438	240
HG_GM19452	241
HG_GM19455	242
HG_GM19463	243
HG_GM19467	244
HG_GM19468	245
HG_GM21360	246
HG_GM21367	247
HG_GM21381	248
HG_GM21390	249
HG_GM21423	250
HG_GM21447	251
HG_GM21515	252
HG_GM21526	253
HG_GM21528	254
HG_GM21529	255
HG_GM21576	256
HG_GM21619	257
HG_GM21717	258
HG_GM21723	259
HG_GM21737	260
HG_GM21786	261
HG_GM21825	262
HG_GM23338	263
HG_H1	264
HG_H9_U_D28	265
HG_HC1_IPSC_U_D22	266
HG_HCT116	267
HG_HCT116_U_BUTYRATE24	268
HG_HEK293	269
HG_HEPG2_KD_HBVNEG	270
HG_HG02571	271
HG_HG02588	272
HG_HG02610	273
HG_HG02623	274
HG_HG02642	275
HG_HG02678	276
HG_HG02759	277
HG_HG02763	278
HG_HG02798	279
HG_HG02840	280
HG_HG02852	281
HG_HG02870	282
HG_HG02884	283
HG_HG02885	284
HG_HG02938	285
HG_HG02943	286
HG_HG02970	287
HG_HG02973	288
HG_HG02981	289
HG_HG03025	290
HG_HG03039	291
HG_HG03045	292
HG_HG03060	293
HG_HG03064	294
HG_HG03066	295
HG_HG03095	296
HG_HG03097	297
HG_HG03103	298
HG_HG03108	299
HG_HG03135	300
HG_HG03139	301
HG_HG03159	302
HG_HG03175	303
HG_HG03196	304
HG_HG03280	305
HG_HG03342	306
HG_HG03354	307
HG_HG03378	308
HG_HG03432	309
HG_HG03439	310
HG_HG03442	311
HG_HG03457	312
HG_HG03460	313
HG_HG03469	314
HG_HG03520	315
HG_HG03521	316
HG_HG03558	317
HG_HG03565	318
HG_HG03571	319
HG_HG03575	320
HG_HL_60_U_U	321
HG_HMS_001_U_U	322
HG_HODGKINS_L1236_SH2A.B_U	323
HG_HPC_U_U	324
HG_HSC_UNK_U_UNK	325
HG_HT1080	326
HG_HT1376_U_U	327
HG_HUVEC	328
HG_HYPERTROPHIC_SCAR_U_U	329
HG_HepG2	330
HG_IMR_90_nuclear_fraction_and_unspecified_fraction	331
HG_IPSC_ASXL1_U	332
HG_ISP_CD28_THYMOCYTE_U_U	333
HG_Jurkat	334
HG_Jurkat_stim	335
HG_K119_U_U	336
HG_K562	337
HG_KELOID_U_U	338
HG_KMS27_U_U	339
HG_M0_MACROPHAGE_U_0_HRS	340
HG_MCF10A_U_U	341
HG_MCF_7	342
HG_MM1_S_U_DMSO	343
HG_MOLM_13_U_U	344
HG_MONOCYTES_1001_U	345
HG_MSC_U_U	346
HG_MSC_ZKSCAN3_KO_U	347
HG_MYOTUBULAR_IPSC_U_SDDF	348
HG_NCI_H929	349
HG_NEURON_DOPAMINERGIC_D30_IPS_07_U	350
HG_NEURON_GABAERGIC_D28_IPS_04_U	351
HG_NEURON_GLUTAMERGIC_D15_IPS_02_U	352
HG_NEURON_H9_CHD_KO_CR1_U	353
HG_NK_CELL_J4_D1	354
HG_NPC_D1_U	355
HG_PANCREATIC_ISLET_ISL6_HIGH_DEX	356
HG_PC_3	357
HG_PDCS_1001_U	358
HG_PLASMABLASTS_1001_U	359
HG_Panc1	360
HG_RETINA_HU8_U	361
HG_RWPE2	362
HG_Right_ventricle_myocardium_inferior_M_60_years	363
HG_Right_ventricle_myocardium_superior_M_60_years	364
HG_SCAR_U_U	365
HG_SCC_090_U_U	366
HG_SIHA_U_U	367
HG_SKIN_U_U	368
HG_SK_N_SH	369
HG_SK_N_SH_6_um_all_trans_retinoic_acid_48_hours	370
HG_SMC_CA_1346_U	371
HG_SUPB15_U_U	372
HG_THP_1_U_U	373
HG_TOV21G_U_U	374
HG_T_cell_F_21_years	375
HG_T_cell_F_33_years	376
HG_T_cell_M_38_years	377
HG_T_cell_M_42_years	378
HG_T_cell_M_43_years	379
HG_T_helper_17_cell_M_38_years	380
HG_T_helper_17_cell_M_42_years	381
HG_T_helper_17_cell_M_50_years	382
HG_U937	383
HG_WI38_HTERT_SENESCENT	384
HG_WTC11	385
HG_WTC_11_U_	386
HG_Z138_Z138_KD_DMSO	387
HG_activated_B_cell_M_22_years_0.5_ug_24_hours	388
HG_activated_CD4_positive_AB_T_cell_M_20_years_anti_CD3_and_anti_CD28_coated_beads_36_hours	389
HG_activated_CD4_positive_CD25_positive_AB_regulatory_T_cell_M_38_years_anti_CD3_and_anti_CD28_coated_beads_24_hours_50_U_Interleukin_2_24_hours	390
HG_activated_CD4_positive_CD25_positive_AB_regulatory_T_cell_M_42_years_anti_CD3_and_anti_CD28_coated_beads_24_hours_50_U_Interleukin_2_24_hours	391
HG_activated_CD8_positive_AB_T_cell_M_21_years_anti_CD3_and_anti_CD28_coated_beads_36_hours	392
HG_activated_CD8_positive_AB_T_cell_nuclear_fraction_M_21_years_anti_CD3_and_anti_CD28_coated_beads_7_days_10_ng_Interleukin_2_5_days	393
HG_activated_CD8_positive_AB_memory_T_cell_nuclear_fraction_M_30_years_anti_CD3_and_anti_CD28_coated_beads_7_days_10_ng_Interleukin_2_5_days	394
HG_activated_T_cell_F_21_years_anti_CD3_and_anti_CD28_coated_beads_72_hours_50_U_Interleukin_2_72_hours	395
HG_activated_T_cell_F_33_years_50_U_Interleukin_2_4_hours_anti_CD3_and_anti_CD28_coated_beads_4_hours	396
HG_activated_T_cell_M_38_years_50_U_Interleukin_2_4_hours_anti_CD3_and_anti_CD28_coated_beads_4_hours	397
HG_activated_T_cell_M_42_years_50_U_Interleukin_2_4_hours_anti_CD3_and_anti_CD28_coated_beads_4_hours	398
HG_activated_T_cell_M_43_years_anti_CD3_and_anti_CD28_coated_beads_72_hours_50_U_Interleukin_2_72_hours	399
HG_activated_T_helper_17_cell_M_50_years_anti_CD3_and_anti_CD28_coated_beads_72_hours_50_U_Interleukin_2_72_hours	400
HG_activated_naive_CD4_positive_AB_T_cell_M_48_years_anti_CD3_and_anti_CD28_coated_beads_72_hours_50_U_Interleukin_2_72_hours	401
HG_activated_naive_CD4_positive_AB_T_cell_M_50_years_anti_CD3_and_anti_CD28_coated_beads_72_hours_50_U_Interleukin_2_72_hours	402
HG_activated_naive_CD8_positive_AB_T_cell_M_42_years_anti_CD3_and_anti_CD28_coated_beads_24_hours_50_U_Interleukin_2_24_hours	403
HG_activated_naive_CD8_positive_AB_T_cell_nuclear_fraction_M_30_years_anti_CD3_and_anti_CD28_coated_beads_7_days_10_ng_Interleukin_2_5_days	404
HG_adrenal_gland_F_41_years	405
HG_adrenal_gland_F_47_years	406
HG_adrenal_gland_F_51_years	407
HG_adrenal_gland_F_59_years	408
HG_adrenal_gland_F_child_16_years	409
HG_adrenal_gland_M_26_years	410
HG_adrenal_gland_M_37_years	411
HG_adrenal_gland_M_54_years	412
HG_aorta_F_child_16_years	413
HG_bile_duct_F_41_years	414
HG_bile_duct_F_47_years	415
HG_bile_duct_F_child_16_years	416
HG_body_of_pancreas_F_51_years	417
HG_body_of_pancreas_F_53_years	418
HG_body_of_pancreas_M_37_years	419
HG_body_of_pancreas_M_54_years	420
HG_breast_epithelium_F_51_years	421
HG_breast_epithelium_F_53_years	422
HG_breast_epithelium_M_54_years	423
HG_cardiac_septum_F_41_years	424
HG_central_memory_CD8_positive_AB_T_cell_M_36_years	425
HG_colonic_mucosa_F_41_years	426
HG_coronary_artery_F_51_years	427
HG_dendritic_cell_100_ng_LPS_1_hour	428
HG_dendritic_cell_100_ng_LPS_2_hours	429
HG_dendritic_cell_100_ng_LPS_30_minutes	430
HG_dendritic_cell_100_ng_LPS_4_hours	431
HG_dendritic_cell_100_ng_LPS_6_hours	432
HG_dendritic_cell_LPS	433
HG_effector_memory_CD8_positive_AB_T_cell_M_33_years	434
HG_effector_memory_CD8_positive_AB_T_cell_M_36_years	435
HG_esophagus_mucosa_F_47_years	436
HG_esophagus_muscularis_mucosa_M_54_years	437
HG_esophagus_squamous_epithelium_F_51_years	438
HG_fallopian_tube_F_46_years	439
HG_fallopian_tube_F_59_years	440
HG_fallopian_tube_F_61_years	441
HG_foreskin_keratinocyte_M_newborn_2_4_days	442
HG_from_a_donor_with_amyotrophic_lateral_sclerosis_motor_neuron	443
HG_gastrocnemius_medialis_F_51_years	444
HG_gastrocnemius_medialis_F_53_years	445
HG_gastrocnemius_medialis_M_37_years	446
HG_gastrocnemius_medialis_M_54_years	447
HG_gastroesophageal_sphincter_F_51_years	448
HG_gastroesophageal_sphincter_F_53_years	449
HG_heart_left_ventricle_F_41_years	450
HG_heart_left_ventricle_F_42_years	451
HG_heart_left_ventricle_F_47_years	452
HG_heart_left_ventricle_F_51_years	453
HG_heart_left_ventricle_F_53_years	454
HG_heart_left_ventricle_F_56_years	455
HG_heart_left_ventricle_F_59_years	456
HG_heart_left_ventricle_F_66_years	457
HG_heart_left_ventricle_M_43_years	458
HG_heart_left_ventricle_M_54_years	459
HG_heart_left_ventricle_M_55_years	460
HG_heart_left_ventricle_M_61_years	461
HG_heart_left_ventricle_M_66_years	462
HG_heart_left_ventricle_M_69_years	463
HG_heart_left_ventricle_M_73_years	464
HG_heart_right_ventricle_F_46_years	465
HG_heart_right_ventricle_F_47_years	466
HG_heart_right_ventricle_F_56_years	467
HG_heart_right_ventricle_F_58_years	468
HG_heart_right_ventricle_F_59_years	469
HG_heart_right_ventricle_M_43_years	470
HG_heart_right_ventricle_M_46_years	471
HG_heart_right_ventricle_M_54_years	472
HG_heart_right_ventricle_M_55_years	473
HG_heart_right_ventricle_M_61_years	474
HG_heart_right_ventricle_M_66_years	475
HG_heart_right_ventricle_M_69_years	476
HG_heart_right_ventricle_M_73_years	477
HG_jejunum_F_59_years	478
HG_kidney_F_47_years	479
HG_left_cardiac_atrium_F_42_years	480
HG_left_cardiac_atrium_F_58_years	481
HG_left_cardiac_atrium_F_66_years	482
HG_left_cardiac_atrium_M_40_years	483
HG_left_cardiac_atrium_M_60_years	484
HG_left_colon_F_46_years	485
HG_left_lobe_of_liver_F_61_years	486
HG_left_lung_F_child_16_years	487
HG_left_ventricle_myocardium_inferior_M_60_years	488
HG_left_ventricle_myocardium_superior_M_60_years	489
HG_liver_M_67_years	490
HG_lower_lobe_of_left_lung_M_60_years	491
HG_lower_lobe_of_right_lung_F_65_years	492
HG_lower_lobe_of_right_lung_M_60_years	493
HG_lung_F_47_years	494
HG_memory_B_cell_M_40_years	495
HG_mesenteric_fat_pad_M_26_years	496
HG_mucosa_of_descending_colon_F_61_years	497
HG_mucosa_of_descending_colon_M_26_years	498
HG_mucosa_of_gallbladder_F_child_16_years	499
HG_mucosa_of_urinary_bladder_F_47_years	500
HG_mucosa_of_urinary_bladder_M_26_years	501
HG_naive_B_cell_F_39_years	502
HG_naive_B_cell_M_40_years	503
HG_naive_thymus_derived_CD4_positive_AB_T_cell_M_48_years	504
HG_naive_thymus_derived_CD4_positive_AB_T_cell_M_50_years	505
HG_naive_thymus_derived_CD8_positive_AB_T_cell_M_36_years	506
HG_naive_thymus_derived_CD8_positive_AB_T_cell_M_42_years	507
HG_naive_thymus_derived_CD8_positive_AB_T_cell_nuclear_fraction_M_30_years	508
HG_natural_killer_cell_F_41_years	509
HG_natural_killer_cell_F_41_years_100_ng_Interleukin_18_72_hours_100_ng_Interleukin_12_subunit_beta_72_hours_100_ng_Interleukin_15_72_hours_100_ng_Interleukin_12_subunit_alpha_72_hours	510
HG_natural_killer_cell_M_33_years	511
HG_natural_killer_cell_M_47_years	512
HG_natural_killer_cell_M_47_years_100_ng_Interleukin_12_subunit_alpha_72_hours_100_ng_Interleukin_15_72_hours_100_ng_Interleukin_12_subunit_beta_72_hours_100_ng_Interleukin_18_72_hours	513
HG_norm_fibroblast_N102_U_U	514
HG_omental_fat_pad_F_51_years	515
HG_ovary_F_41_years	516
HG_ovary_F_46_years	517
HG_ovary_F_47_years	518
HG_ovary_F_53_years	519
HG_ovary_F_59_years	520
HG_ovary_F_61_years	521
HG_ovary_F_child_16_years	522
HG_pancreas_F_41_years	523
HG_pancreas_F_47_years	524
HG_pancreas_F_59_years	525
HG_pancreas_F_61_years	526
HG_pancreas_F_child_16_years	527
HG_peyers_patch_F_53_years	528
HG_posterior_vena_cava_F_47_years	529
HG_posterior_vena_cava_F_child_16_years	530
HG_posterior_vena_cava_M_26_years	531
HG_prostate_gland_M_54_years	532
HG_psoas_muscle_F_41_years	533
HG_psoas_muscle_F_47_years	534
HG_psoas_muscle_F_59_years	535
HG_psoas_muscle_F_61_years	536
HG_psoas_muscle_F_child_16_years	537
HG_right_atrium_auricular_region_F_51_years	538
HG_right_cardiac_atrium_F_46_years	539
HG_right_cardiac_atrium_F_59_years	540
HG_right_cardiac_atrium_M_40_years	541
HG_right_cardiac_atrium_M_60_years	542
HG_right_lobe_of_liver_F_41_years	543
HG_right_lobe_of_liver_F_47_years	544
HG_right_lobe_of_liver_F_53_years	545
HG_right_lobe_of_liver_F_child_16_years	546
HG_right_lobe_of_liver_M_40_years	547
HG_right_lobe_of_liver_M_45_years	548
HG_sciatic_nerve_F_41_years	549
HG_sciatic_nerve_F_47_years	550
HG_sciatic_nerve_F_child_16_years	551
HG_sciatic_nerve_M_26_years	552
HG_sigmoid_colon_F_51_years	553
HG_sigmoid_colon_F_53_years	554
HG_sigmoid_colon_M_37_years	555
HG_sigmoid_colon_M_54_years	556
HG_spleen_F_47_years	557
HG_spleen_F_51_years	558
HG_spleen_F_59_years	559
HG_spleen_F_61_years	560
HG_spleen_M_26_years	561
HG_stimulated_activated_effector_memory_CD8_positive_AB_T_cell_M_33_years_100_ng_Interleukin_12_subunit_alpha_72_hours_100_ng_Interleukin_12_subunit_beta_72_hours_anti_CD3_and_anti_CD28_coated_beads_72_hours	562
HG_stimulated_activated_effector_memory_CD8_positive_AB_T_cell_M_36_years_100_ng_Interleukin_12_subunit_alpha_72_hours_100_ng_Interleukin_12_subunit_beta_72_hours_anti_CD3_and_anti_CD28_coated_beads_72_hours	563
HG_stimulated_activated_memory_B_cell_M_40_years_10_ug_anti_IgM_72_hours_1_ug_anti_CD40_72_hours_100_ng_Interleukin_4_72_hours	564
HG_stimulated_activated_naive_B_cell_F_39_years_1_ug_anti_CD40_72_hours_10_ug_anti_IgM_72_hours_100_ng_Interleukin_4_72_hours	565
HG_stimulated_activated_naive_B_cell_M_40_years_1_ug_anti_CD40_72_hours_10_ug_anti_IgM_72_hours_100_ng_Interleukin_4_72_hours	566
HG_stimulated_activated_naive_CD8_positive_AB_T_cell_M_33_years_anti_CD3_and_anti_CD28_coated_beads_72_hours_100_ng_Interleukin_15_72_hours	567
HG_stimulated_activated_naive_CD8_positive_AB_T_cell_M_36_years_100_ng_Interleukin_15_72_hours_anti_CD3_and_anti_CD28_coated_beads_72_hours	568
HG_stimulated_activated_naive_CD8_positive_AB_T_cell_M_42_years_anti_CD3_and_anti_CD28_coated_beads_24_hours_50_U_Interleukin_2_24_hours_100_ng_Interleukin_15_24_hours	569
HG_stomach_F_53_years	570
HG_stomach_M_54_years	571
HG_subcutaneous_adipose_F_53_years	572
HG_testis_M_37_years	573
HG_thoracic_aorta_M_54_years	574
HG_thyroid_gland_F_51_years	575
HG_thyroid_gland_F_53_years	576
HG_thyroid_gland_M_54_years	577
HG_tibial_artery_M_54_years	578
HG_tibial_nerve_F_51_years	579
HG_transverse_colon_F_51_years	580
HG_transverse_colon_F_53_years	581
HG_transverse_colon_M_37_years	582
HG_transverse_colon_M_54_years	583
HG_upper_lobe_of_left_lung_F_61_years	584
HG_upper_lobe_of_left_lung_M_60_years	585
HG_upper_lobe_of_right_lung_M_60_years	586
HG_ureter_F_47_years	587
HG_uterus_F_46_years	588
HG_uterus_F_59_years	589
HSC_2596	590
HSC_4983	591
HSC_6792	592
HSC_7256	593
Hepatocyte	594
Keratinocyte_1	595
Keratinocyte_2	596
LCL	597
LMPP_4983	598
LMPP_6792	599
LMPP_7256	600
Luteal	601
Lymphatic	602
MEP_2596	603
MEP_4983	604
MEP_6792	605
MEP_7256	606
MPP_2596	607
MPP_4983	608
MPP_6792	609
MPP_7256	610
Macrophage_Gen_or_Alv	611
Macrophage_General	612
Mammary_Basal_Epi	613
Mammary_Epithelial	614
Mammary_Luminal_Epi_1	615
Mammary_Luminal_Epi_2	616
Mast	617
Melanocyte	618
Memory_B	619
Mesothelial	620
Mono_4983	621
Mono_6792	622
Mono_7256	623
Myoepithelial	624
NKcell_1022	625
NKcell_2596	626
NKcell_4983	627
NKcell_5483	628
Naive_T	629
Natural_Killer_T	630
Nerve_Stromal	631
Paneth	632
Parietal	633
Pericyte_General_1	634
Pericyte_General_2	635
Pericyte_General_3	636
Pericyte_General_4	637
Pericyte_Muscularis	638
Plasma_B	639
SI_Goblet	640
SKMel-239_sirt_6.2_7	641
SKmel147	642
Satellite	643
Schwann_General	644
Skin_Basal_Epidermal	645
Skin_Eccrine_Epidermal	646
Skin_Granular_Epidermal	647
Sm_Ms_Colon_1	648
Sm_Ms_Colon_2	649
Sm_Ms_GE_junction	650
Sm_Ms_GI	651
Sm_Ms_General	652
Sm_Ms_Mucosal	653
Sm_Ms_Muscularis_1	654
Sm_Ms_Muscularis_2	655
Sm_Ms_Muscularis_3	656
Sm_Ms_Uterine	657
Sm_Ms_Vaginal	658
T98G_gbm_cell_line	659
T_Lymphocyte_1_CD8pos	660
T_lymphocyte_2_CD4pos	661
Transitional_Cortical	662
Tuft	663
Type_II_Skeletal_Myocyte	664
Type_I_Skeletal_Myocyte	665
V_Cardiomyocyte	666
Vasc_Sm_Muscle_1	667
Vasc_Sm_Muscle_2	668
aaec_bronchial_epithelium	669
adipocyte_stem_cell	670
aska	671
brain_ACBGM	672
brain_AMY	673
brain_ASCNT_1	674
brain_ASCNT_2	675
brain_ASCNT_3	676
brain_ASCT_1	677
brain_ASCT_2	678
brain_ASCT_3	679
brain_BFEXA	680
brain_BNGA	681
brain_CBGRC	682
brain_CBINH	683
brain_CHO	684
brain_CNGA_1	685
brain_CNGA_2	686
brain_CNMIX	687
brain_COP	688
brain_CTXGA	689
brain_CT_1	690
brain_CT_2	691
brain_D12NAC	692
brain_D1CaB	693
brain_D1Pu	694
brain_D2CaB	695
brain_D2Pu	696
brain_EC	697
brain_ERC_1	698
brain_ERC_2	699
brain_ET	700
brain_FOXP2_1	701
brain_FOXP2_2	702
brain_FOXP2_3	703
brain_FOXP2_4	704
brain_ICGA_1	705
brain_ICGA_2	706
brain_ITL23_1	707
brain_ITL23_2	708
brain_ITL23_3	709
brain_ITL23_4	710
brain_ITL23_5	711
brain_ITL23_6	712
brain_ITL34	713
brain_ITL45_1	714
brain_ITL45_2	715
brain_ITL4_1	716
brain_ITL4_2	717
brain_ITL5_1	718
brain_ITL5_2	719
brain_ITL5_3	720
brain_ITL5_4	721
brain_ITL6_1_1	722
brain_ITL6_1_2	723
brain_ITL6_2_1	724
brain_ITL6_2_2	725
brain_ITV1C_1	726
brain_ITV1C_2	727
brain_ITV1C_3	728
brain_L6B_1	729
brain_L6B_2	730
brain_LAMP5_1	731
brain_LAMP5_2	732
brain_MDGA	733
brain_MGC_1	734
brain_MGC_2	735
brain_MSN_1	736
brain_MSN_2	737
brain_MSN_3	738
brain_NP_1	739
brain_NP_2	740
brain_NP_3	741
brain_OGC_1	742
brain_OGC_2	743
brain_OGC_3	744
brain_OPC	745
brain_PER	746
brain_PIR	747
brain_PKJ_1	748
brain_PKJ_2	749
brain_PVALB_1	750
brain_PVALB_2	751
brain_PVALB_3	752
brain_PVALB_4	753
brain_PV_ChCs	754
brain_SEPGA	755
brain_SIGA	756
brain_SMC	757
brain_SNCG_1	758
brain_SNCG_2	759
brain_SNCG_3	760
brain_SNCG_4	761
brain_SNCG_5	762
brain_SST_1	763
brain_SST_2	764
brain_SST_3	765
brain_SST_4	766
brain_SST_5	767
brain_SST_CHODL	768
brain_SUB	769
brain_THMGA_1	770
brain_THMGA_2	771
brain_TP	772
brain_VIP_1	773
brain_VIP_2	774
brain_VIP_3	775
brain_VIP_4	776
brain_VIP_5	777
brain_VIP_6	778
brain_VIP_7	779
cardiac_spec_adipocyte	780
cardiac_spec_atrial_cardiomyocyte	781
cardiac_spec_endothelial	782
cardiac_spec_fibroblast	783
cardiac_spec_lymphocyte	784
cardiac_spec_macrophage	785
cardiac_spec_nervous	786
cardiac_spec_smooth_muscle	787
cardiac_spec_ventricular_cardiomyocyte	788
cartilage_normal	789
chordoma	790
corneal_epithelium	791
coronary_artery_smooth_muscle	792
embryonic_liver_cell	793
embryonic_lung_cell	794
embryonic_stem_cardiac_progenitor	795
endometrial_stromal	796
fibroblast_other	797
gbm_stem_cell	798
gist_t1	799
h1_embryonic	800
hela_s3_cervical_adenocarcinoma	801
hl60_cells	802
ipsc_forebrain_neurons	803
lcb_melanoma	804
lung_epithelial_normal	805
ngp_neuroblastoma	806
nucleus_accumbens_brain	807
pfc_brain	808
prostate_cancer_epithelium	809
prostate_epithelial_RWPE1	810
prostate_normal	811
shep_neuroblastoma_bone_marrow	812
skin_caid_syndrome	813
skin_line_normal	814
synovial_sarcoma	815
t24t_fl3_bladder_carcinoma	816
t47d	817
tcells_yellow_fever	818
u2os_epithelium	819
uch2_chordoma	820
